{
  "distribution": {
    "1": 14513,
    "2": 2210,
    "3": 794,
    "4": 486,
    "5": 63,
    "6": 1
  },
  "raw_term_count": 39444,
  "reduction": 0.5419582192475408,
  "refresh_raw_timedelta": null,
  "refresh_source_timedelta": 4893.558706998825,
  "unique_term_count": 18067
}