{
  "distribution": {
    "1": 150550,
    "2": 32046,
    "3": 4933,
    "4": 3292,
    "5": 1137,
    "6": 541,
    "7": 435,
    "8": 364,
    "9": 246,
    "10": 215,
    "11": 138,
    "12": 138,
    "13": 95,
    "14": 21,
    "15": 3,
    "16": 1
  },
  "raw_term_count": 421300,
  "reduction": 0.5391526228340849,
  "refresh_raw_timedelta": null,
  "refresh_source_timedelta": 8411.61604976654,
  "unique_term_count": 194155
}