{
  "distribution": {
    "1": 3197,
    "2": 2056,
    "3": 2929,
    "4": 236,
    "5": 44,
    "6": 8,
    "7": 5
  },
  "raw_term_count": 61899,
  "reduction": 0.8630834100712451,
  "refresh_raw_timedelta": null,
  "refresh_source_timedelta": 212.94340562820435,
  "unique_term_count": 8475
}